"rotation","scenario","mean_bep","sd_bep","p05","median","p95"
"4-crop","Baseline",7.78442078248492,3.17087155431091,2.70774222241578,7.70192703416952,13.0513765445602
"4-crop","No BRM",6.04809536416178,3.28086384864187,0.489854787786053,5.99207861113985,11.5016642778795
"4-crop","Price -15%",1.05876253898136,1.60667844050701,0,0,4.48479464905928
"4-crop","Price +15%",15.8158309235386,3.57372408685156,10.085815696059,15.7503920598737,21.7806119998105
"4-crop","Input Cost -15%",12.8497839729778,3.18984793180185,7.72743362664431,12.7748897545794,18.1277474435291
"4-crop","Input Cost +15%",3.11068493332802,2.70069388114929,0,2.72303305792116,8.05615140398301
"4-crop","Discount rate = 7%",10.5577339909876,3.55977996572595,5.02490005705805,10.3835163988283,16.7333290875713
"2-crop","Baseline",10.7102348721099,3.63835691684998,4.83673223038852,10.6408866830314,16.688193427
"2-crop","No BRM",8.67875089778211,3.83856153156537,2.36458473176142,8.63499921008483,14.9874466024705
"2-crop","Price -15%",2.48624287478437,2.50368933002962,0,1.92762818982383,7.21620137759539
"2-crop","Price +15%",19.5655320292701,4.10689072795352,12.9228771253666,19.4916718976164,26.330233260179
"2-crop","Input Cost -15%",16.1633548619218,3.64152913646574,10.258359983214,16.0913437312746,22.137170233676
"2-crop","Input Cost +15%",5.43932695983625,3.45006909333404,0,5.29112423607132,11.3459007669902
"2-crop","Discount rate = 7%",13.3286911264065,4.0858657350269,7.00909892910884,13.1131899166706,20.4282895480885
