rotation,scenario,mean_bep,sd_bep,p05,p50,p95
2-crop,Baseline,3.1512363419257823,1.2595092039146711,1.0757408514505709,3.124123381731571,5.243506718408744
2-crop,No BRM,2.3851893005123412,1.3428542934372576,0.13534680012969183,2.3482640401285737,4.6432338907705955
2-crop,Price -15%,0.34535240844581644,1.094073329667459,-1.4154798169569993,0.30597027064662063,2.175386037388728
2-crop,Price +15%,5.996917170278318,1.428953442596362,3.6425445669993954,5.963689484204815,8.364820662030228
2-crop,Input Cost -15%,4.955902960155095,1.26186507492091,2.8818374811061944,4.916179184964394,7.022910903300596
2-crop,Input Cost +15%,1.3744121833214067,1.2575336268217623,-0.6366311043691903,1.3405698658825416,3.4992648744502737
2-crop,Discount rate = 7%,3.9134673825312025,1.4141620772067502,1.6127899214307186,3.794087037805177,6.369048993473636
3-crop,Baseline,2.408106926471789,1.238351331584157,0.23248557858972038,2.4125113239480074,4.39099579145743
3-crop,No BRM,1.675192048533633,1.3197278497086236,-0.5583912845009924,1.7217830181129525,3.767653200567639
3-crop,Price -15%,-0.20205070702930858,1.0729229799768452,-2.0444177503064007,-0.20577579791989237,1.5585954369587949
3-crop,Price +15%,5.059159463587297,1.4075492349835097,2.6079383370620284,5.067060560381549,7.303114869965616
3-crop,Input Cost -15%,4.130237359499487,1.2443909387375158,1.9588821444744737,4.1519645572399995,6.11723316038361
3-crop,Input Cost +15%,0.7137197489338807,1.2325759140556714,-1.4419885973885254,0.7132351597084122,2.7015317988599956
3-crop,Discount rate = 7%,3.1135044192149257,1.3631167919186042,0.8636107014775222,3.08368874615572,5.3169885187252905
4-crop,Baseline,2.3401376437386583,1.223901916433743,0.23792719875148563,2.370736393603375,4.312510044262953
4-crop,No BRM,1.6334287096165647,1.301493561809271,-0.5541882525539366,1.6726656234412012,3.6612864075675597
4-crop,Price -15%,-0.2098554908794822,1.059034982657816,-2.000444451458834,-0.19571991203988043,1.5303649254562235
4-crop,Price +15%,4.930938245017871,1.3914993637910817,2.5723562710797525,4.952570131651673,7.136006826984334
4-crop,Input Cost -15%,4.011853711514522,1.2306588673796417,1.9234115418194655,4.039622118867888,5.974827935053517
4-crop,Input Cost +15%,0.6959769433853337,1.2162844412091256,-1.3565616086975099,0.7164413421967362,2.6643370160230817
4-crop,Discount rate = 7%,3.0382128567401194,1.3412994251620125,0.7666020303482902,3.060263046423498,5.173578922370619
