CropYear,SWheat,Oats,Barley,Canola
2000,1348.00,1353.70,1573.40,728.90
2001,1289.40,1343.20,1382.70,691.00
2002,464.90,441.10,661.10,389.50
2003,1379.90,1429.30,1352.70,827.90
2004,1362.60,1195.50,1293.30,734.50
2005,1264.30,1632.10,1400.70,1004.20
2006,1292.50,1291.20,1222.30,902.60
2007,1309.20,1673.00,1316.60,748.80
2008,1449.90,1690.80,1546.10,954.70
2009,1287.80,1114.80,1369.10,930.50
2010,1594.00,1676.40,1772.30,1085.20
2011,1263.70,1746.90,1469.20,772.80
2012,1460.70,1764.10,1293.40,677.40
2013,1768.00,2208.30,1874.70,937.20
2014,1745.30,1828.30,1576.80,853.00
2015,1297.40,1367.70,1503.80,1049.40
2016,1739.60,1749.10,1679.60,994.30
2017,1706.30,1617.00,1484.20,931.60
2018,1678.70,1820.10,1677.80,876.00
2019,1654.60,1981.10,1785.90,838.50
2020,1239.90,1532.50,771.40,542.40
2021,1409.50,1035.90,1133.60,680.50
2022,2088.30,1898.50,2026.50,1016.10
2023,1741.40,1872.80,1811.80,886.90
2024,1590.20,1700.20,1700.60,785.30