"cropyear","swheat","oats","barley","canola","trend_swheat","detrended_swheat","trend_oats","detrended_oats","trend_barley","detrended_barley","trend_canola","detrended_canola"
2000,1348,1353.7,1573.4,728.9,1157.72246153846,1946.64307692307,1274.1763076923,1922.43538461539,1273.58338461539,1960.60123076923,777.778153846153,840.479692307692
2001,1289.4,1343.2,1382.7,691,1182.66592307692,1863.09961538461,1297.87361538461,1888.23807692308,1289.71676923077,1753.76784615384,782.427307692307,797.930538461538
2002,464.9,441.1,661.1,389.5,1207.60938461538,1013.65615384615,1321.57092307692,962.440769230766,1305.85015384615,1016.03446153846,787.076461538461,491.781384615384
2003,1379.9,1429.3,1352.7,827.9,1232.55284615384,1903.71269230769,1345.26823076923,1926.94346153846,1321.98353846154,1691.50107692308,791.725615384616,925.53223076923
2004,1362.6,1195.5,1293.3,734.5,1257.49630769231,1861.46923076923,1368.96553846153,1669.44615384615,1338.11692307692,1615.96769230769,796.374769230768,827.483076923078
2005,1264.3,1632.1,1400.7,1004.2,1282.43976923077,1738.22576923077,1392.66284615384,2082.34884615384,1354.25030769231,1707.23430769231,801.023923076922,1092.53392307692
2006,1292.5,1291.2,1222.3,902.6,1307.38323076923,1741.48230769231,1416.36015384615,1717.75153846154,1370.38369230769,1512.70092307692,805.673076923076,986.284769230769
2007,1309.2,1673,1316.6,748.8,1332.32669230769,1733.23884615385,1440.05746153846,2075.85423076923,1386.51707692308,1590.86753846154,810.32223076923,827.835615384615
2008,1449.9,1690.8,1546.1,954.7,1357.27015384616,1848.99538461538,1463.75476923076,2069.95692307692,1402.65046153846,1804.23415384615,814.971384615385,1029.08646153846
2009,1287.8,1114.8,1369.1,930.5,1382.21361538461,1661.95192307692,1487.45207692307,1470.25961538461,1418.78384615385,1611.10076923077,819.620538461539,1000.23730769231
2010,1594,1676.4,1772.3,1085.2,1407.15707692307,1943.20846153846,1511.14938461538,2008.1623076923,1434.91723076923,1998.16738461538,824.269692307691,1150.28815384615
2011,1263.7,1746.9,1469.2,772.8,1432.10053846153,1587.965,1534.84669230769,2054.965,1451.05061538461,1678.934,828.918846153845,833.239
2012,1460.7,1764.1,1293.4,677.4,1457.044,1760.02153846153,1558.54399999999,2048.46769230769,1467.184,1487.00061538461,833.567999999999,733.189846153846
2013,1768,2208.3,1874.7,937.2,1481.98746153846,2042.37807692307,1582.2413076923,2468.97038461538,1483.31738461538,2052.16723076923,838.217153846153,988.340692307692
2014,1745.3,1828.3,1576.8,853,1506.93092307692,1994.73461538461,1605.93861538461,2065.27307692307,1499.45076923077,1738.13384615384,842.866307692308,899.491538461538
2015,1297.4,1367.7,1503.8,1049.4,1531.87438461538,1521.89115384615,1629.63592307692,1580.97576923076,1515.58415384615,1649.00046153846,847.515461538462,1091.24238461538
2016,1739.6,1749.1,1679.6,994.3,1556.81784615384,1939.14769230769,1653.33323076923,1938.67846153846,1531.71753846154,1808.66707692307,852.164615384614,1031.49323076923
2017,1706.3,1617,1484.2,931.6,1581.76130769231,1880.90423076923,1677.03053846153,1782.88115384615,1547.85092307692,1597.13369230769,856.813769230768,964.144076923077
2018,1678.7,1820.1,1677.8,876,1606.70476923077,1828.36076923077,1700.72784615384,1962.28384615384,1563.98430769231,1774.60030769231,861.462923076922,903.894923076923
2019,1654.6,1981.1,1785.9,838.5,1631.64823076923,1779.31730769231,1724.42515384615,2099.58653846154,1580.11769230769,1866.56692307692,866.112076923077,861.745769230769
2020,1239.9,1532.5,771.4,542.4,1656.59169230769,1339.67384615385,1748.12246153846,1627.28923076923,1596.25107692308,835.933538461539,870.761230769231,560.996615384615
2021,1409.5,1035.9,1133.6,680.5,1681.53515384615,1484.33038461538,1771.81976923077,1106.99192307692,1612.38446153846,1182.00015384615,875.410384615385,694.447461538461
2022,2088.3,1898.5,2026.5,1016.1,1706.47861538461,2138.18692307692,1795.51707692308,1945.89461538461,1628.51784615385,2058.76676923077,880.059538461537,1025.39830769231
2023,1741.4,1872.8,1811.8,886.9,1731.42207692307,1766.34346153846,1819.21438461538,1896.49730769231,1644.65123076923,1827.93338461538,884.708692307691,891.549153846154
2024,1590.2,1700.2,1700.6,785.3,1756.36553846153,1590.2,1842.91169230769,1700.2,1660.78461538461,1700.6,889.357846153845,785.3
