Years,Swheat,Oats ,Barley,Canola
1987,326.54,169.08,154.43,528.46
1988,481.33,277.48,203.05,746.68
1989,378.58,255.8,243.32,651.11
1990,263.71,168.27,204.05,607.61
1991,249.78,147.71,160.9,528.42
1992,304.73,199.58,161.29,514.52
1993,355.15,194.28,158.05,570.13
1994,381.21,173.28,166,692.78
1995,469.38,219.53,240.74,736.52
1996,362.76,327.62,277.67,741.87
1997,326.51,220.93,215.68,718.22
1998,313.94,200.24,199.67,706.31
1999,279.68,164.35,162.84,536.99
2000,291.78,153.9,158.96,417.67
2001,305.99,208.71,214.99,493.27
2002,349.2,336.18,260.44,594.38
2003,270.6,316.43,215.69,565.49
2004,256.49,180.65,180.69,571.04
2005,235.49,175.27,143.42,420.98
2006,249.39,174.99,153.12,408.85
2007,461.27,225.29,224.9,533.72
2008,361.82,256.95,276.84,684.49
2009,258.83,232.87,212.37,608.78
2010,404.62,209.95,190.06,573.96
2011,366.82,271.57,234.58,712.42
2012,341.22,259.21,284.7,749.27
2013,259.18,284.85,313.27,752.93
2014,272.13,217.36,221.72,564.6
2015,293.59,243.82,276.4,579.15
2016,298.57,230.24,269.79,590
2017,306.43,236.88,238.54,612.21
2018,305.53,236.96,256.31,596.34
2019,277.12,257.59,267.93,523.42
2020,314.71,254.12,251.26,538.15
2021,533.19,301.44,316.32,765.38
2022,436.32,475.86,404.06,999.93
2023,392.26,314.51,382.24,796.94
2024,304.13,312.52,270.55,625.86