"rotation","scenario","mean_npv","sd_npv","p05","median","p95","p_npv_negative"
"4-crop","Baseline",1873.35650249691,766.086508340121,651.964155108334,1854.45287589393,3142.48144134022,0.0043
"4-crop","No BRM",1445.03336123138,813.908274624421,117.946147236931,1442.75937226001,2769.34516557387,0.0365
"4-crop","Price -15%",-32.4506450855955,673.346110077698,-1111.79890157029,-44.8054400861892,1079.83888939016,0.5263
"4-crop","Price +15%",3808.10062347867,860.473344023036,2428.44029037333,3792.34439930515,5244.28735595437,0
"4-crop","Input Cost -15%",3093.94242993811,768.04449646829,1860.59429654869,3075.90956646374,4364.75874556974,0
"4-crop","Input Cost +15%",672.378346265092,763.118295824956,-542.058270163382,655.645848501684,1939.74223249235,0.1912
"4-crop","Discount rate = 7%",3389.35281177375,1143.04606940231,1613.17902572516,3333.49333870532,5372.01839003957,2e-04
"2-crop","Baseline",2578.6168399273,876.60024437131,1164.5776381391,2562.08904912546,4018.14612847879,8e-04
"2-crop","No BRM",2086.2732603405,932.778062825541,569.339457080777,2079.11592091709,3608.64408750596,0.012
"2-crop","Price -15%",475.148568370532,766.31614077569,-757.736288974366,464.130031927583,1737.50093169436,0.2707
"2-crop","Price +15%",4710.94532304758,988.848023052809,3111.54163674105,4693.16144468163,6339.73505275643,0
"2-crop","Input Cost -15%",3891.77666508717,876.799293191251,2469.98512040274,3874.43798507466,5330.13865515289,0
"2-crop","Input Cost +15%",1285.65036453768,875.96431183731,-129.216811239017,1273.98513550739,2731.84077356307,0.0688
"2-crop","Discount rate = 7%",4278.95369437405,1311.88618785843,2250.18035250057,4209.81963695188,6558.23754825302,1e-04
